"Pass []","re(Mode(1)) [g]","re(Mode(2)) [g]"
1,3.97571881879744,4.96986761466097
2,4.45722876724806,5.85756194742348
3,4.6036244270001,6.7732594795619
4,4.67670564316933,7.32707734273202
5,4.71224941710243,7.58480830401281
6,4.74135793959839,7.72361411340634
7,4.76154866330889,7.78421706883733
8,4.78780906096318,7.82207155269576
